fips,2019_units,2020_Units ,Yr_Grwth,Percent_Growth
1001,144,225,81,0.5625
1003,5113,7699,2586,0.505769607
1015,985,1225,240,0.243654822
1019,57,96,39,0.684210526
1033,501,582,81,0.161676647
1043,486,734,248,0.510288066
1045,864,1042,178,0.206018519
1055,538,395,-143,-0.265799257
1069,1032,2071,1039,1.006782946
1073,20929,24935,4006,0.19140905
1077,1323,1927,604,0.456538171
1081,6201,8353,2152,0.3470408
1083,1577,1865,288,0.182625238
1089,15254,21166,5912,0.387570473
1095,495,711,216,0.436363636
1097,2257,4052,1795,0.7953035
1101,3835,4501,666,0.173663625
1103,1083,2196,1113,1.027700831
1109,139,246,107,0.769784173
1113,248,245,-3,-0.012096774
1115,944,1019,75,0.079449153
1117,4982,6422,1440,0.289040546
1125,3969,4483,514,0.129503653
4001,273,340,67,0.245421245
4003,9772,12679,2907,0.297482603
4005,24081,28724,4643,0.192807608
4007,4463,5157,694,0.155500784
4009,121,1193,1072,8.859504132
4012,1094,1342,248,0.226691042
4013,357323,448733,91410,0.255818965
4015,13075,17171,4096,0.313269598
4017,6210.08,7846,1635.92,0.263429779
4019,132116,159402,27286,0.206530625
4021,8462,11015,2553,0.301701725
4023,720,1678,958,1.330555556
4025,45073,50564,5491,0.121824596
4027,7954,9344,1390,0.17475484
5005,828,843,15,0.018115942
5007,7469,8221,752,0.100682822
5019,81,,-81,-1
5027,15,,-15,-1
5031,1434,2052,618,0.430962343
5035,143,287,144,1.006993007
5045,2230,2730,500,0.224215247
5051,1943,2334,391,0.201235203
5057,-32,,32,-1
5069,-153,,153,-1
5081,-39,,39,-1
5087,146,228,82,0.561643836
5091,363,355,-8,-0.022038567
5103,-17,,17,-1
5115,14,288,274,19.57142857
5119,16194,17182,988,0.061010251
5125,1998,1951,-47,-0.023523524
5131,422,509,87,0.206161137
5139,-27,,27,-1
5143,8684,9708,1024,0.11791801
6001,554354,730871,176517,0.318419277
6005,23423,28046,4623,0.197370106
6007,53418,59866,6448,0.120708375
6009,14152,18237,4085,0.288651781
6013,427065,574426,147361,0.345055202
6015,2940,4043,1103,0.375170068
6017,95653,104938,9285,0.097069616
6019,83999,101919,17920,0.213335873
6021,448,,-448,-1
6023,45946,59739,13793,0.300200235
6025,1121,2421,1300,1.159678858
6027,5947,6569,622,0.10459055
6029,38402,43378,4976,0.129576585
6031,6043,7827,1784,0.295217607
6033,12873,16108,3235,0.251301173
6035,2900,3839,939,0.323793103
6037,1252704,1571393,318689,0.25440088
6039,13262,14290,1028,0.077514704
6041,256375,320975,64600,0.251974647
6045,37377,41809,4432,0.118575595
6047,15820,19752,3932,0.248546144
6049,823,1055,232,0.281895504
6051,11336,10211,-1125,-0.099241355
6053,94899,110445,15546,0.163816268
6055,88735,101988,13253,0.149354821
6057,86180,99763,13583,0.157611975
6059,419500,528880,109380,0.260738975
6061,166361,191898,25537,0.153503525
6063,6926,9597,2671,0.385648282
6065,203872,253500,49628,0.243427248
6067,324044,375091,51047,0.157531076
6069,11213,14151,2938,0.262017301
6071,92026,123974,31948,0.347162758
6073,468050,598468,130418,0.278641171
6075,313161,364586,51425,0.164212657
6077,75578,97793,22215,0.293934743
6079,85747,110463,24716,0.28824332
6081,342550,424491,81941,0.239208875
6083,118666,148292,29626,0.249658706
6085,463050,610874,147824,0.319239823
6087,133495,154392,20897,0.156537698
6089,45805,51650,5845,0.127606157
6093,12596,14030,1434,0.113845665
6095,87166,107179,20013,0.229596402
6097,282406,340130,57724,0.204400756
6099,67334,78309,10975,0.162993436
6101,14585,16163,1578,0.108193349
6103,8996,11050,2054,0.228323699
6105,1428,2324,896,0.62745098
6107,21708,27755,6047,0.278560899
6109,28692,33330,4638,0.161647846
6111,143293,185396,42103,0.293824541
6113,70804,85740,14936,0.210948534
6115,4360,4813,453,0.103899083
8001,25529,35125,9596,0.375886247
8003,2289,2615,326,0.142420271
8005,119584,165650,46066,0.385218758
8007,6386,6940,554,0.086752271
8013,128252,163234,34982,0.272759879
8014,16688,21818,5130,0.30740652
8015,4849,5502,653,0.134666942
8019,824,973,149,0.180825243
8029,2798,3857,1059,0.378484632
8031,120258,159654,39396,0.327595669
8035,64711,92137,27426,0.423822843
8037,24102,28230,4128,0.171272094
8039,954,1300,346,0.362683438
8041,71968,93495,21527,0.299119053
8043,3034,2944,-90,-0.02966381
8045,22145,23401,1256,0.056717092
8049,3846,4437,591,0.153666147
8051,14091,16433,2342,0.166205379
8055,317,222,-95,-0.299684543
8059,142711,187719,45008,0.315378632
8063,44,,-44,-1
8065,1145,1488,343,0.299563319
8067,24663,32889,8226,0.333536066
8069,75951,95440,19489,0.25659965
8071,419,559,140,0.334128878
8077,23551,22950,-601,-0.025519086
8081,1132,1926,794,0.701413428
8083,5347,6699,1352,0.252852067
8085,15746,19844,4098,0.260256573
8087,350,480,130,0.371428571
8089,69,184,115,1.666666667
8097,9304,8940,-364,-0.039122958
8101,4680,6198,1518,0.324358974
8105,150,208,58,0.386666667
8107,18172,20976,2804,0.154303324
8117,33949,39873,5924,0.17449704
8119,4377,6102,1725,0.394105552
8123,32678,42893,10215,0.31259563
9001,104558,133738,29180,0.279079554
9003,62859,83095,20236,0.321926852
9005,23166,29567,6401,0.27631011
9007,19176,23980,4804,0.250521485
9009,59521,70401,10880,0.182792628
9011,29511,35908,6397,0.216766629
9013,7302,9457,2155,0.295124623
9015,7713,9582,1869,0.242318164
10001,2174,2799,625,0.2874885
10003,22194,26708,4514,0.203388303
10005,18752,24745,5993,0.319592577
11001,104395,131696,27301,0.261516356
12001,18767,24726,5959,0.317525444
12005,5689,7987,2298,0.403937423
12009,20705,24351,3646,0.176092731
12011,56180,78714,22534,0.401103596
12015,6498,8151,1653,0.254385965
12017,2978,3865,887,0.297850907
12019,3151,4556,1405,0.445890194
12021,29402,39580,10178,0.346166927
12023,833,1197,364,0.43697479
12027,-4,199,203,-50.75
12031,30930,39881,8951,0.289395409
12033,9717,13040,3323,0.341977977
12035,5276,5964,688,0.13040182
12039,1193,955,-238,-0.199497066
12053,3339,4717,1378,0.412698413
12055,1072,1647,575,0.536380597
12057,53194,63093,9899,0.186092416
12061,11606,13283,1677,0.144494227
12069,8772,12429,3657,0.416894665
12071,34780,47581,12801,0.368056354
12073,12348,17151,4803,0.388969874
12081,28253,34187,5934,0.210030793
12083,6536,8592,2056,0.314565483
12085,13045,14732,1687,0.129321579
12086,65401,82838,17437,0.266616718
12087,9281,10744,1463,0.157633876
12089,8024,10136,2112,0.263210369
12091,10909,12509,1600,0.146667889
12095,35113,46475,11362,0.323583858
12097,5803,6402,599,0.103222471
12099,75170,99352,24182,0.321697486
12101,7651,11050,3399,0.444255653
12103,47651,56505,8854,0.185809322
12105,11072,15431,4359,0.393695809
12107,371,526,155,0.417789757
12109,19444,22385,2941,0.151254886
12111,4580,6568,1988,0.434061135
12113,5325,5999,674,0.12657277
12115,37608,47791,10183,0.270766858
12117,14179,19519,5340,0.376613301
12119,5051,6392,1341,0.265491982
12121,398,548,150,0.376884422
12127,17158,19894,2736,0.159459144
12131,6829,7756,927,0.135744619
13009,1000,1480,480,0.48
13013,1114,1530,416,0.373429084
13015,1664,1778,114,0.068509615
13021,4989,6306,1317,0.263980758
13029,1776,2382,606,0.341216216
13035,78,74,-4,-0.051282051
13039,953,1015,62,0.065057712
13045,2236,3406,1170,0.523255814
13047,740,730,-10,-0.013513514
13051,14283,17839,3556,0.248967304
13053,1064,1070,6,0.005639098
13055,18,35,17,0.944444444
13057,14207,19537,5330,0.375167171
13059,14600,18635,4035,0.276369863
13063,142,231,89,0.626760563
13067,44408,62974,18566,0.418077824
13071,-61,363,424,-6.950819672
13073,6134,7690,1556,0.25366808
13077,5071,6203,1132,0.223230132
13083,102,129,27,0.264705882
13085,2568,3552,984,0.38317757
13089,59101,77240,18139,0.306915281
13095,538,642,104,0.19330855
13097,2744,3918,1174,0.427842566
13103,839,1364,525,0.625744934
13105,84,105,21,0.25
13111,581,913,332,0.571428571
13113,8659,11611,2952,0.340916965
13115,2097,2784,687,0.327610873
13117,8519,12205,3686,0.432679892
13121,89642,122460,32818,0.366100712
13123,421,562,141,0.334916865
13127,5496,6672,1176,0.213973799
13129,309,696,387,1.252427184
13133,1426,2293,867,0.60799439
13135,30442,40396,9954,0.326982458
13137,487,524,37,0.075975359
13139,6505,9575,3070,0.471944658
13143,47,88,41,0.872340426
13147,104,141,37,0.355769231
13151,3131,4309,1178,0.376237624
13153,3249,4525,1276,0.392736227
13157,1830,2914,1084,0.592349727
13159,42,28,-14,-0.333333333
13163,1,123,122,122
13169,139,129,-10,-0.071942446
13171,28,104,76,2.714285714
13175,633,877,244,0.385466035
13177,198,355,157,0.792929293
13179,452,802,350,0.774336283
13185,1393,2097,704,0.505384063
13195,68,150,82,1.205882353
13199,-4,32,36,-9
13207,68,91,23,0.338235294
13211,162,258,96,0.592592593
13213,62,92,30,0.483870968
13215,3324,4239,915,0.275270758
13217,1744,2652,908,0.520642202
13219,1836,2092,256,0.139433551
13223,2777,4034,1257,0.452646741
13225,277,343,66,0.238267148
13227,951,1712,761,0.800210305
13233,251,140,-111,-0.442231076
13237,32,58,26,0.8125
13241,437,546,109,0.249427918
13245,3417,4299,882,0.258121159
13247,1475,2099,624,0.423050847
13255,999,1469,470,0.47047047
13257,144,220,76,0.527777778
13275,1110,894,-216,-0.194594595
13277,321,483,162,0.504672897
13281,292,305,13,0.044520548
13285,656,705,49,0.074695122
13291,433,659,226,0.521939954
13293,44,68,24,0.545454545
13297,2401,3165,764,0.31820075
13299,308,635,327,1.061688312
13311,373,401,28,0.075067024
13313,1305,1802,497,0.380842912
13317,32,30,-2,-0.0625
15001,32225,37479,5254,0.163041117
15003,92849,100288,7439,0.080119334
15007,21775,16781,-4994,-0.22934558
15009,37917,29897,-8020,-0.211514624
16001,93917,125135,31218,0.332399885
16005,3980,5456,1476,0.370854271
16013,21107,26362,5255,0.248969536
16017,9714,13762,4048,0.416718139
16019,5682,7156,1474,0.259415699
16021,1353,1808,455,0.336289727
16027,9572,12965,3393,0.354471375
16039,605,1003,398,0.65785124
16045,633,1103,470,0.742496051
16055,26476,31237,4761,0.179823236
16057,3349,4924,1575,0.470289639
16069,1813,2097,284,0.156646442
16073,260,612,352,1.353846154
16075,386,679,293,0.759067358
16083,5021,6384,1363,0.271459869
16085,2758,5558,2800,1.015228426
17001,214,315,101,0.471962617
17019,11380,14121,2741,0.24086116
17021,254,408,154,0.606299213
17029,-1,,1,-1
17031,234241,329896,95655,0.408361474
17037,1700,2489,789,0.464117647
17043,58481,77243,18762,0.320822147
17057,15,,-15,-1
17063,1673,1954,281,0.167961745
17077,1720,2479,759,0.44127907
17081,340,635,295,0.867647059
17089,18762,22229,3467,0.184788402
17091,1292,2763,1471,1.138544892
17093,3621,4940,1319,0.364264015
17095,39,93,54,1.384615385
17097,60288,69123,8835,0.146546576
17099,1634,2374,740,0.452876377
17109,97,123,26,0.268041237
17111,12529,15676,3147,0.251177269
17113,6772,7633,861,0.12714117
17115,2189,2855,666,0.304248515
17119,4568,6615,2047,0.448117338
17121,118,73,-45,-0.381355932
17133,693,980,287,0.414141414
17143,3450,4955,1505,0.436231884
17161,1231,2006,775,0.629569456
17163,4970,6744,1774,0.35694165
17165,87,146,59,0.67816092
17167,4470,4279,-191,-0.042729306
17177,365,888,523,1.432876712
17179,2848,3899,1051,0.369030899
17181,36,434,398,11.05555556
17183,563,838,275,0.488454707
17197,17877,22074,4197,0.234770935
17199,810,1509,699,0.862962963
17201,6853,6579,-274,-0.039982489
18001,178,371,193,1.084269663
18003,12639,17424,4785,0.378590078
18005,2036,3144,1108,0.544204322
18011,3180,4465,1285,0.40408805
18019,1774,2759,985,0.55524239
18021,179,328,149,0.832402235
18029,681,1249,568,0.834067548
18033,591,981,390,0.659898477
18035,1464,2298,834,0.569672131
18039,1557,1956,399,0.256262042
18041,10,378,368,36.8
18043,3197,4641,1444,0.451673444
18047,936,1176,240,0.256410256
18049,217,542,325,1.497695853
18053,802,968,166,0.206982544
18057,22117,33098,10981,0.496495908
18059,1402,1296,-106,-0.075606277
18063,5699,6801,1102,0.193367257
18065,240,581,341,1.420833333
18067,1701,2541,840,0.49382716
18069,428,650,222,0.518691589
18073,263,138,-125,-0.475285171
18077,3,247,244,81.33333333
18081,4523,6826,2303,0.509175326
18085,1409,1986,577,0.409510291
18089,9400,11487,2087,0.222021277
18091,2267,2500,233,0.102779003
18095,1612,2223,611,0.379032258
18097,25026,35523,10497,0.419443778
18099,343,542,199,0.580174927
18103,145,323,178,1.227586207
18105,10580,14487,3907,0.369281664
18107,492,811,319,0.648373984
18109,977,1653,676,0.691914023
18113,380,575,195,0.513157895
18127,7150,8270,1120,0.156643357
18133,617,975,358,0.580226904
18139,30,,-30,-1
18141,6387,7255,868,0.135901049
18145,570,535,-35,-0.061403509
18151,952,811,-141,-0.148109244
18157,8184,11938,3754,0.458699902
18163,4788,6055,1267,0.264619883
18167,1227,1590,363,0.295843521
18173,579,829,250,0.431778929
18177,943,1315,372,0.394485684
18179,82,,-82,-1
18181,193,624,431,2.233160622
18183,406,571,165,0.406403941
19013,1262,1725,463,0.366877971
19033,813,1173,360,0.442804428
19041,69,158,89,1.289855072
19045,61,250,189,3.098360656
19047,12,26,14,1.166666667
19049,838,1253,415,0.49522673
19057,181,315,134,0.740331492
19061,718,1139,421,0.586350975
19067,126,150,24,0.19047619
19073,31,31,0,0
19079,66,57,-9,-0.136363636
19087,26,26,0,0
19101,6,,-6,-1
19103,2640,3056,416,0.157575758
19113,3374,4188,814,0.241256669
19121,5,,-5,-1
19127,186,260,74,0.397849462
19137,10,42,32,3.2
19145,43,185,142,3.302325581
19153,10382,12838,2456,0.236563283
19155,671,992,321,0.478390462
19163,2427,3179,752,0.309847548
19169,2597,2756,159,0.06122449
19171,1,,-1,-1
19187,264,416,152,0.575757576
19193,643,765,122,0.189735614
19197,1,,-1,-1
20009,295,242,-53,-0.179661017
20015,1311,1935,624,0.47597254
20035,172,488,316,1.837209302
20037,125,302,177,1.416
20045,6942,10280,3338,0.480841256
20051,660,642,-18,-0.027272727
20055,334,409,75,0.224550898
20059,360,218,-142,-0.394444444
20061,262,481,219,0.835877863
20079,804,1056,252,0.313432836
20091,36177,45847,9670,0.267296901
20103,2575,2577,2,0.000776699
20113,298,255,-43,-0.144295302
20121,242,413,171,0.70661157
20155,1427,1649,222,0.155571128
20161,4630,6659,2029,0.438228942
20169,1819,1241,-578,-0.317757009
20173,13033,15047,2014,0.154530806
20177,3060,5095,2035,0.66503268
20209,790,1405,615,0.778481013
21005,215,433,218,1.013953488
21013,292,312,20,0.068493151
21015,5345,9792,4447,0.831992516
21019,695,1278,583,0.838848921
21021,711,1129,418,0.58790436
21029,938,1411,473,0.504264392
21037,6202,10556,4354,0.702031603
21041,108,289,181,1.675925926
21047,1724,1971,247,0.143271462
21049,492,454,-38,-0.077235772
21059,2272,3545,1273,0.560299296
21067,16832,28035,11203,0.665577471
21073,1347,2489,1142,0.847809948
21093,2115,1766,-349,-0.16501182
21107,369,628,259,0.701897019
21111,34527,50997,16470,0.477017986
21113,1994,3513,1519,0.761785356
21117,4238,5698,1460,0.344502124
21125,87,529,442,5.08045977
21145,25,,-25,-1
21147,52,98,46,0.884615385
21151,1612,2797,1185,0.735111663
21155,41,70,29,0.707317073
21161,527,870,343,0.65085389
21163,345,705,360,1.043478261
21167,18,6,-12,-0.666666667
21173,267,291,24,0.08988764
21179,709,1080,371,0.523272214
21185,1076,1049,-27,-0.025092937
21199,958,947,-11,-0.011482255
21205,418,464,46,0.110047847
21209,1501,2406,905,0.602931379
21211,722,1109,387,0.53601108
21217,282,488,206,0.730496454
21227,4069,5836,1767,0.434259032
21235,167,516,349,2.089820359
21239,1349,2189,840,0.622683469
22001,-2,,2,-1
22015,834,988,154,0.184652278
22017,2876,4475,1599,0.555980529
22019,498,854,356,0.714859438
22033,3822,5435,1613,0.422030351
22045,34,,-34,-1
22051,2865,3005,140,0.04886562
22055,4540,6101,1561,0.343832599
22061,104,,-104,-1
22067,-19,,19,-1
22069,87,,-87,-1
22071,4002,5379,1377,0.344077961
22073,271,,-271,-1
22079,664,1192,528,0.795180723
22083,-15,,15,-1
22097,8,,-8,-1
22099,33,,-33,-1
22103,2293,3449,1156,0.504143044
22105,216,322,106,0.490740741
22113,25,,-25,-1
23001,5061,4538,-523,-0.103339261
23005,60954,75853,14899,0.244430226
23007,1495,1639,144,0.09632107
23009,5590,5314,-276,-0.049373882
23011,12135,12552,417,0.034363412
23013,7627,9034,1407,0.184476203
23015,6687,7090,403,0.060266188
23017,1862,2129,267,0.1433942
23019,7011,7352,341,0.048637855
23023,6620,6193,-427,-0.064501511
23025,667,668,1,0.00149925
23027,2307,2561,254,0.110099697
23031,25082,32559,7477,0.298102225
24001,3196,2959,-237,-0.074155194
24003,55983,77352,21369,0.38170516
24005,88267,106823,18556,0.210225792
24009,6108,9360,3252,0.532416503
24011,321,54,-267,-0.831775701
24013,9383,11689,2306,0.245763615
24015,2603,2959,356,0.136765271
24017,3507,5443,1936,0.55203878
24021,19045,27127,8082,0.42436335
24025,14552,18025,3473,0.238661352
24027,38845,49142,10297,0.265079161
24029,1703,2028,325,0.190839695
24031,151865,190131,38266,0.251973793
24033,24351,32719,8368,0.343640918
24035,2647,3675,1028,0.388364186
24037,6390,9467,3077,0.481533646
24041,6757,9351,2594,0.38389818
24043,5569,7179,1610,0.289100377
24045,3415,3732,317,0.092825769
24047,1966,3094,1128,0.573753815
25001,108264,121258,12994,0.120021429
25003,24829,30209,5380,0.216682106
25005,62805,73333,10528,0.167629966
25007,13044,14028,984,0.075436983
25009,175846,209929,34083,0.193823004
25011,6224,8458,2234,0.358933162
25013,18329,26987,8658,0.472366196
25015,30738,42954,12216,0.397423385
25017,412326,496199,83873,0.203414289
25019,13966,17151,3185,0.228053845
25021,145983,179251,33268,0.227889549
25023,79760,100419,20659,0.259014544
25025,93981,101999,8018,0.085315117
25027,76336,93822,17486,0.229066233
26005,1137,1244,107,0.0941073
26007,890,1111,221,0.248314607
26009,190,190,0,0
26017,2459,3254,795,0.323302155
26021,2767,3157,390,0.140946874
26023,456,618,162,0.355263158
26025,1621,1999,378,0.233189389
26033,345,312,-33,-0.095652174
26037,1549,1975,426,0.275016139
26041,349,647,298,0.853868195
26045,3991,4657,666,0.16687547
26047,3121,2474,-647,-0.207305351
26049,5718,8182,2464,0.430919902
26055,5170,5794,624,0.120696325
26057,828,956,128,0.154589372
26059,333,734,401,1.204204204
26065,14612,19308,4696,0.321379688
26067,682,662,-20,-0.029325513
26073,1738,2149,411,0.236478711
26075,2148,3476,1328,0.618249534
26077,7389,7362,-27,-0.00365408
26081,21185,25978,4793,0.226244985
26087,1316,2069,753,0.57218845
26091,2002,1983,-19,-0.009490509
26093,8413,12481,4068,0.483537383
26099,22702,31510,8808,0.387983438
26101,871,1292,421,0.483352468
26103,1555,1532,-23,-0.014790997
26105,1018,1126,108,0.106090373
26107,975,1044,69,0.070769231
26111,4679,5476,797,0.170335542
26115,1943,3539,1596,0.82141019
26117,652,916,264,0.404907975
26121,4026,5145,1119,0.277943368
26123,291,662,371,1.274914089
26125,52259,68442,16183,0.309669148
26137,913,972,59,0.064622125
26139,7881,9840,1959,0.248572516
26145,2849,3934,1085,0.380835381
26147,3274,3597,323,0.098656078
26149,1125,1152,27,0.024
26155,675,1158,483,0.715555556
26159,1586,2135,549,0.346153846
26161,44356,57852,13496,0.304265488
26163,33003,44939,11936,0.361664091
26165,790,935,145,0.183544304
27003,13785,17992,4207,0.305186797
27007,502,570,68,0.135458167
27009,78,24,-54,-0.692307692
27013,1427,1972,545,0.381920112
27015,54,9,-45,-0.833333333
27019,7686,10130,2444,0.317980744
27025,156,293,137,0.878205128
27027,726,562,-164,-0.225895317
27035,850,1300,450,0.529411765
27037,26012,36245,10233,0.393395356
27041,974,971,-3,-0.003080082
27049,392,733,341,0.869897959
27053,133179,169029,35850,0.269186583
27059,867,1095,228,0.262975779
27061,392,334,-58,-0.147959184
27065,31,0,-31,-1
27067,613,546,-67,-0.109298532
27083,317,373,56,0.176656151
27085,213,183,-30,-0.14084507
27095,227,141,-86,-0.378854626
27099,21,222,201,9.571428571
27105,54,69,15,0.277777778
27109,4573,6953,2380,0.520446097
27117,18,17,-1,-0.055555556
27123,49955,60927,10972,0.219637674
27131,2143,3178,1035,0.482967802
27137,2308,3542,1234,0.534662045
27139,3984,5330,1346,0.337851406
27141,2267,2741,474,0.209086899
27145,2432,2245,-187,-0.076891447
27147,291,395,104,0.357388316
27163,19530,24340,4810,0.246287762
27169,469,946,477,1.017057569
27171,3766,5561,1795,0.476633032
28003,318,560,242,0.761006289
28033,2755,4121,1366,0.495825771
28047,789,1144,355,0.449936629
28049,2995,4062,1067,0.356260434
28071,2002,1534,-468,-0.233766234
28081,1346,1907,561,0.41679049
28087,920,1171,251,0.272826087
28089,4378,5785,1407,0.321379625
28105,1250,1823,573,0.4584
28121,1640,3327,1687,1.028658537
28149,647,866,219,0.338485317
29019,8926,12530,3604,0.403764284
29021,576,772,196,0.340277778
29029,1353,1719,366,0.270509978
29031,846,1117,271,0.320330969
29037,2109,2918,809,0.38359412
29043,322,438,116,0.360248447
29047,9557,12235,2678,0.280213456
29051,1559,2295,736,0.472097498
29071,932,1359,427,0.458154506
29077,3520,4439,919,0.261079545
29095,26124,33160,7036,0.269330883
29097,746,1026,280,0.375335121
29099,1714,2752,1038,0.605600933
29101,365,287,-78,-0.21369863
29165,3320,4376,1056,0.318072289
29169,650,656,6,0.009230769
29183,11499,13744,2245,0.195234368
29187,244,344,100,0.409836066
29189,65582,86921,21339,0.325378915
29213,677,856,179,0.264401773
29219,115,186,71,0.617391304
30001,1038,929,-109,-0.105009634
30013,4504,6591,2087,0.463365897
30017,256,266,10,0.0390625
30021,263,210,-53,-0.201520913
30023,417,557,140,0.335731415
30027,484,110,-374,-0.772727273
30029,15564,19871,4307,0.276728347
30031,19565,26105,6540,0.334270381
30041,227,60,-167,-0.735682819
30047,1776,2761,985,0.554617117
30049,7839,10307,2468,0.314836076
30063,12611,15057,2446,0.193957656
30067,2527,3174,647,0.256034824
30071,28,62,34,1.214285714
30077,174,243,69,0.396551724
30081,3856,4378,522,0.135373444
30093,2359,2796,437,0.185247986
30105,82,18,-64,-0.780487805
30111,9210,11760,2550,0.276872964
31001,70,73,3,0.042857143
31013,309,375,66,0.213592233
31019,1021,1269,248,0.242899119
31025,98,133,35,0.357142857
31033,56,238,182,3.25
31045,112,489,377,3.366071429
31053,341,500,159,0.46627566
31055,15837,23707,7870,0.496937551
31067,42,33,-9,-0.214285714
31079,509,609,100,0.196463654
31101,12,111,99,8.25
31109,6737,11224,4487,0.666023453
31119,427,487,60,0.140515222
31141,63,125,62,0.984126984
31153,3832,6147,2315,0.604123173
31157,891,1520,629,0.705948373
31177,121,113,-8,-0.066115702
32001,2105,2698,593,0.281710214
32003,124325,162084,37759,0.303712045
32005,18570,21054,2484,0.133764136
32007,538,546,8,0.014869888
32019,4459,5444,985,0.220901547
32021,144,446,302,2.097222222
32023,2837,3447,610,0.215015862
32027,171,267,96,0.561403509
32031,109179,120262,11083,0.101512196
32510,11328,14003,2675,0.236140537
33001,11072,10880,-192,-0.01734104
33003,4673,5359,686,0.14680077
33005,17432,21970,4538,0.260325838
33009,34091,43257,9166,0.268868616
33011,70609,86056,15447,0.218768146
33013,37494,45561,8067,0.215154425
33015,85478,91540,6062,0.070918833
33017,27562,31085,3523,0.127820913
33019,5063,5969,906,0.178945289
34001,9196,11835,2639,0.286972597
34003,54877,76534,21657,0.394646209
34005,19223,22706,3483,0.1811892
34007,21763,23508,1745,0.08018196
34009,11753,13129,1376,0.117076491
34011,1067,1400,333,0.312089972
34013,31122,47207,16085,0.516836964
34015,7556,7207,-349,-0.04618846
34017,24956,34904,9948,0.398621574
34019,13568,16669,3101,0.228552476
34021,40961,53053,12092,0.295207637
34023,19083,24790,5707,0.299061992
34025,40973,52548,11575,0.282503112
34027,37787,50211,12424,0.328790325
34029,17678,22096,4418,0.249915149
34031,9128,12813,3685,0.403702892
34033,1166,1012,-154,-0.132075472
34035,32672,41427,8755,0.267966454
34037,5327,5460,133,0.024967148
34039,25933,34718,8785,0.338757568
34041,7706,10019,2313,0.300155723
35001,64010,80421,16411,0.256381815
35005,1048,1112,64,0.061068702
35009,789,448,-341,-0.432192649
35013,8567,9534,967,0.112874985
35015,1300,1276,-24,-0.018461538
35017,3002,3272,270,0.08994004
35019,1758,1602,-156,-0.088737201
35025,510,514,4,0.007843137
35027,1937,2915,978,0.504904491
35028,8260,10287,2027,0.245399516
35031,766,751,-15,-0.019582245
35035,1617,1671,54,0.033395176
35041,993,1169,176,0.177240685
35043,7278,7551,273,0.037510305
35045,3020,4306,1286,0.425827815
35049,61275,54122,-7153,-0.116736026
35055,9883,13171,3288,0.332692502
35061,1062,1438,376,0.354048964
36001,19940,19482,-458,-0.022968907
36005,6111,5764,-347,-0.056782851
36007,9265,10510,1245,0.134376686
36011,2374,3391,1017,0.428390901
36013,2092,2374,282,0.134799235
36015,2026,2569,543,0.268015795
36017,306,291,-15,-0.049019608
36019,2306,2315,9,0.003902862
36021,4184,4316,132,0.031548757
36023,423,508,85,0.200945626
36025,255,298,43,0.168627451
36027,15878,17761,1883,0.118591762
36029,34743,42214,7471,0.215036122
36031,856,864,8,0.009345794
36035,416,380,-36,-0.086538462
36037,464,497,33,0.07112069
36043,735,746,11,0.014965986
36045,2289,2116,-173,-0.075578855
36047,38706,52134,13428,0.346922958
36051,1771,2188,417,0.235460192
36053,887,1183,296,0.333709132
36055,49227,61687,12460,0.253113129
36057,1902,1616,-286,-0.150368034
36059,58273,68156,9883,0.16959827
36061,72701,90871,18170,0.249927786
36063,2063,2658,595,0.28841493
36065,4092,5534,1442,0.352394917
36067,24773,31889,7116,0.287248214
36069,6556,8201,1645,0.250915192
36071,16832,18553,1721,0.102245722
36075,578,658,80,0.138408304
36077,3127,3074,-53,-0.016949153
36079,4959,6508,1549,0.312361363
36081,19689,21316,1627,0.082634974
36083,5907,5968,61,0.010326731
36085,5381,5777,396,0.073592269
36087,12715,14887,2172,0.170821864
36089,11,163,152,13.81818182
36091,15329,14701,-628,-0.0409681
36093,5804,5574,-230,-0.039627843
36095,411,383,-28,-0.068126521
36101,3620,4525,905,0.25
36103,90551,119264,28713,0.317092025
36105,1057,1492,435,0.4115421
36107,356,316,-40,-0.112359551
36109,14679,18873,4194,0.285714286
36111,10591,11894,1303,0.123028987
36113,4307,5300,993,0.230554911
36115,75,192,117,1.56
36117,1046,1149,103,0.098470363
36119,119338,145563,26225,0.219753976
37001,6686,9432,2746,0.410708944
37009,309,411,102,0.330097087
37011,179,249,70,0.391061453
37019,10418,11531,1113,0.106834325
37021,28592,35975,7383,0.258219082
37023,319,402,83,0.260188088
37025,10563,14871,4308,0.407838682
37027,41,78,37,0.902439024
37031,6697,8800,2103,0.314021204
37033,180,111,-69,-0.383333333
37035,3898,5469,1571,0.403027193
37039,377,507,130,0.344827586
37041,284,277,-7,-0.024647887
37043,244,300,56,0.229508197
37045,655,824,169,0.258015267
37049,4544,8604,4060,0.893485915
37051,7344,10404,3060,0.416666667
37053,3579,3605,26,0.007264599
37055,9144,11216,2072,0.226596675
37057,936,1405,469,0.501068376
37059,677,1088,411,0.607090103
37063,37463,47781,10318,0.275418413
37067,27508,34471,6963,0.253126363
37071,5555,7617,2062,0.37119712
37075,100,97,-3,-0.03
37081,33916,46831,12915,0.380793726
37087,1907,1831,-76,-0.039853173
37089,8380,10043,1663,0.198448687
37097,10741,11987,1246,0.116004096
37099,1008,1230,222,0.220238095
37101,4755,5673,918,0.193059937
37105,605,767,162,0.267768595
37109,3338,3479,141,0.042240863
37111,217,276,59,0.271889401
37113,575,672,97,0.168695652
37115,367,498,131,0.356948229
37119,121679,167856,46177,0.379498517
37121,233,174,-59,-0.253218884
37125,13740,19741,6001,0.436754003
37127,1707,2590,883,0.517281781
37129,32220,41509,9289,0.288299193
37133,4116,4320,204,0.049562682
37135,42215,54740,12525,0.296695487
37139,118,197,79,0.669491525
37141,3110,5213,2103,0.676205788
37143,-60,114,174,-2.9
37147,4280,6495,2215,0.517523364
37151,142,173,31,0.218309859
37157,99,119,20,0.202020202
37159,3430,3950,520,0.151603499
37161,446,558,112,0.251121076
37167,702,1391,689,0.981481481
37169,31,100,69,2.225806452
37171,231,247,16,0.069264069
37173,288,360,72,0.25
37179,12203,18031,5828,0.477587478
37183,143022,188716,45694,0.319489309
37187,87,73,-14,-0.16091954
37189,12106,15563,3457,0.285560879
37191,1501,2615,1114,0.742171885
37195,1651,2375,724,0.438522108
37199,990,1158,168,0.16969697
38009,6,-12,-18,-3
38015,241,320,79,0.32780083
38017,2020,1617,-403,-0.19950495
38035,2047,2134,87,0.042501221
38053,114,42,-72,-0.631578947
38089,78,48,-30,-0.384615385
38093,40,24,-16,-0.4
38101,962,780,-182,-0.189189189
38105,546,302,-244,-0.446886447
39003,842,1078,236,0.280285036
39005,1069,1369,300,0.280636109
39007,441,441,0,0
39009,2329,3640,1311,0.562902533
39011,733,1162,429,0.58526603
39013,778,547,-231,-0.296915167
39015,747,1043,296,0.396251673
39017,15774,19015,3241,0.205464689
39021,414,794,380,0.917874396
39023,1804,2416,612,0.33924612
39025,10351,14845,4494,0.434160951
39027,1027,1499,472,0.459591042
39029,888,1076,188,0.211711712
39031,295,307,12,0.040677966
39033,177,353,176,0.994350282
39035,92702,108665,15963,0.172196932
39037,691,954,263,0.380607815
39039,373,438,65,0.174262735
39041,15061,24167,9106,0.604607928
39043,1818,3006,1188,0.653465347
39045,3431,5444,2013,0.586709414
39047,155,664,509,3.283870968
39049,70346,105253,34907,0.49621869
39051,323,483,160,0.495356037
39055,5792,6896,1104,0.190607735
39057,8808,11637,2829,0.321185286
39061,49412,71227,21815,0.441491945
39063,1569,2325,756,0.481835564
39065,157,301,144,0.917197452
39071,526,692,166,0.315589354
39073,420,737,317,0.754761905
39079,80,358,278,3.475
39081,830,1384,554,0.66746988
39083,1536,2631,1095,0.712890625
39085,11377,14454,3077,0.270457941
39089,11331,14294,2963,0.261495014
39091,379,573,194,0.511873351
39093,9574,11027,1453,0.151765197
39095,12352,20761,8409,0.68078044
39097,303,418,115,0.379537954
39099,4299,4471,172,0.040009304
39101,805,1529,724,0.899378882
39103,8032,9518,1486,0.18500996
39109,3168,4251,1083,0.341856061
39113,21408,29435,8027,0.374953288
39117,218,364,146,0.669724771
39119,720,1404,684,0.95
39123,502,818,316,0.629482072
39127,43,182,139,3.23255814
39129,415,664,249,0.6
39131,39,227,188,4.820512821
39133,8774,11517,2743,0.31262822
39135,279,540,261,0.935483871
39139,3077,4959,1882,0.611634709
39141,722,1162,440,0.609418283
39143,468,945,477,1.019230769
39145,399,935,536,1.343358396
39147,602,1061,459,0.762458472
39149,576,762,186,0.322916667
39151,10889,14800,3911,0.359169804
39153,24300,31855,7555,0.31090535
39155,1820,2032,212,0.116483516
39157,2026,2868,842,0.415597236
39159,1638,1811,173,0.105616606
39165,9558,13980,4422,0.46264909
39167,599,563,-36,-0.060100167
39169,3254,3923,669,0.205593116
39173,5271,7379,2108,0.399924113
40017,1138,1154,16,0.014059754
40021,319,625,306,0.959247649
40023,172,122,-50,-0.290697674
40027,6669,8176,1507,0.22597091
40031,1114,1169,55,0.049371634
40037,62,199,137,2.209677419
40039,189,282,93,0.492063492
40047,96,124,28,0.291666667
40065,200,340,140,0.7
40073,86,51,-35,-0.406976744
40087,340,196,-144,-0.423529412
40097,211,373,162,0.767772512
40109,20567,25399,4832,0.234939466
40119,1624,1879,255,0.157019704
40131,389,815,426,1.095115681
40143,21678,28246,6568,0.30297998
40145,389,510,121,0.311053985
41001,1093,1996,903,0.826166514
41003,22396,29869,7473,0.333675656
41005,123553,151695,28142,0.227772697
41007,12338,13601,1263,0.102366672
41009,8234,10898,2664,0.323536556
41011,8848,10892,2044,0.231012658
41015,8288,9462,1174,0.141650579
41017,80213,97177,16964,0.211486916
41019,8603,11190,2587,0.300709055
41025,146,160,14,0.095890411
41027,10729,13930,3201,0.298350266
41029,42045,54850,12805,0.304554644
41031,1085,1491,406,0.374193548
41033,16631,19437,2806,0.168721063
41035,10989,10649,-340,-0.030940031
41037,678,721,43,0.063421829
41039,79765,96172,16407,0.205691719
41041,13810,15475,1665,0.120564808
41043,11364,13851,2487,0.218848997
41045,719,1158,439,0.610570236
41047,37370,49113,11743,0.314236018
41051,339939,416262,76323,0.224519693
41053,4689,6264,1575,0.335892514
41057,8437,8873,436,0.051677136
41059,2344,3784,1440,0.614334471
41061,2539,2984,445,0.175265853
41063,1452,2110,658,0.453168044
41065,7412,9058,1646,0.222072315
41067,197347,243767,46420,0.235220196
41071,15969,20784,4815,0.301521698
42001,2147,2615,468,0.217978575
42003,68737,80374,11637,0.169297467
42005,820,918,98,0.119512195
42007,1584,1594,10,0.006313131
42011,15473,15628,155,0.01001745
42013,4780,5945,1165,0.243723849
42017,60140,72017,11877,0.197489192
42019,7884,7809,-75,-0.009512938
42021,1077,1114,37,0.034354689
42025,1618,1607,-11,-0.006798517
42027,17145,20086,2941,0.171536891
42029,64675,69338,4663,0.072098956
42033,1248,920,-328,-0.262820513
42035,204,383,179,0.87745098
42037,2493,3732,1239,0.496991576
42039,875,1029,154,0.176
42041,24157,26411,2254,0.093306288
42043,16054,18793,2739,0.170611686
42045,55240,66609,11369,0.205811007
42049,6024,6817,793,0.131640106
42051,979,1237,258,0.263534219
42055,4595,5951,1356,0.295103373
42057,274,811,537,1.959854015
42061,846,998,152,0.179669031
42063,2019,2425,406,0.201089648
42065,206,241,35,0.169902913
42067,118,226,108,0.915254237
42069,8503,10959,2456,0.288839233
42071,28961,33181,4220,0.145713201
42073,651,786,135,0.207373272
42075,4282,4007,-275,-0.064222326
42077,23835,31354,7519,0.315460457
42079,6585,9380,2795,0.424449506
42081,4625,6768,2143,0.463351351
42085,678,667,-11,-0.016224189
42087,672,946,274,0.407738095
42089,4216,7459,3243,0.769212524
42091,99113,121462,22349,0.225490097
42093,741,1289,548,0.739541161
42095,24298,32349,8051,0.331344144
42097,81,536,455,5.617283951
42099,813,1004,191,0.234932349
42101,44360,37158,-7202,-0.162353472
42103,1254,1783,529,0.42185008
42107,1281,1615,334,0.260733802
42109,1059,1550,491,0.463644948
42111,488,492,4,0.008196721
42115,414,297,-117,-0.282608696
42117,162,466,304,1.87654321
42119,1820,2898,1078,0.592307692
42121,137,155,18,0.131386861
42125,4229,4285,56,0.013241901
42127,802,1325,523,0.652119701
42129,9198,11121,1923,0.209067189
42131,115,355,240,2.086956522
42133,20382,20990,608,0.029830242
44001,14463,13573,-890,-0.061536334
44003,8814,9812,998,0.113228954
44005,13652,14707,1055,0.077278054
44007,35824,43332,7508,0.20958017
44009,21553,23573,2020,0.093722452
45001,14,65,51,3.642857143
45003,5471,7719,2248,0.410893804
45007,2188,2536,348,0.15904936
45013,21976,22091,115,0.005232981
45015,4422,4092,-330,-0.074626866
45019,52824,59492,6668,0.126230501
45021,46,82,36,0.782608696
45035,6393,7426,1033,0.161582981
45041,2401,3121,720,0.299875052
45043,3344,2630,-714,-0.213516746
45045,23350,30402,7052,0.302012848
45047,833,1092,259,0.31092437
45051,10142,14270,4128,0.407020312
45053,1262,1225,-37,-0.029318542
45057,3688,4732,1044,0.28308026
45059,63,136,73,1.158730159
45063,7525,9861,2336,0.310431894
45073,603,688,85,0.140961857
45077,2542,3513,971,0.381982691
45079,15918,21371,5453,0.342568162
45083,3252,5032,1780,0.547355474
45085,539,597,58,0.107606679
45091,15365,18748,3383,0.220175724
46011,426,630,204,0.478873239
46013,179,337,158,0.882681564
46027,122,152,30,0.245901639
46029,365,452,87,0.238356164
46035,35,-13,-48,-1.371428571
46081,1273,1572,299,0.23487824
46083,480,685,205,0.427083333
46093,320,280,-40,-0.125
46099,4764,5890,1126,0.236356003
46103,5578,5925,347,0.062208677
47001,1702,2579,877,0.515276146
47009,3761,5925,2164,0.575378889
47011,1409,1910,501,0.355571327
47019,226,291,65,0.287610619
47025,39,66,27,0.692307692
47031,462,370,-92,-0.199134199
47035,968,1490,522,0.539256198
47037,54537,75821,21284,0.390267158
47043,957,1560,603,0.630094044
47047,379,710,331,0.873350923
47059,409,515,106,0.259168704
47063,270,175,-95,-0.351851852
47065,15514,17465,1951,0.12575738
47071,135,287,152,1.125925926
47093,28852,41308,12456,0.431720505
47105,179,307,128,0.715083799
47107,176,182,6,0.034090909
47113,1902,3209,1307,0.687171399
47115,80,105,25,0.3125
47119,4097,6358,2261,0.55186722
47123,104,255,151,1.451923077
47125,4846,6301,1455,0.300247627
47141,1841,1438,-403,-0.21890277
47145,639,1068,429,0.671361502
47147,1604,2553,949,0.591645885
47149,9140,14440,5300,0.579868709
47155,2643,4305,1662,0.628830874
47157,27110,36997,9887,0.364699373
47163,1484,2098,614,0.413746631
47165,7363,10891,3528,0.479152519
47167,323,564,241,0.746130031
47179,3692,5934,2242,0.607258938
47187,30642,42670,12028,0.392533124
47189,5738,8918,3180,0.55420007
48001,75,,-75,-1
48027,1108,1522,414,0.373646209
48029,14349,17175,2826,0.196947522
48037,881,676,-205,-0.232690125
48039,3959,6482,2523,0.637282142
48041,3005,3981,976,0.324792013
48049,127,151,24,0.188976378
48051,-16,76,92,-5.75
48061,254,750,496,1.952755906
48063,49,76,27,0.551020408
48067,62,23,-39,-0.629032258
48073,155,260,105,0.677419355
48085,45966,60227,14261,0.310251055
48091,487,673,186,0.381930185
48097,625,845,220,0.352
48113,90313,120236,29923,0.331325501
48121,48216,63315,15099,0.31315331
48135,1065,1758,693,0.650704225
48139,1588,2798,1210,0.761964736
48141,14285,17263,2978,0.208470424
48147,20,,-20,-1
48157,12458,17982,5524,0.443409857
48159,113,72,-41,-0.362831858
48167,8776,13721,4945,0.563468551
48181,2873,3717,844,0.293769579
48183,2197,2468,271,0.123350023
48187,585,647,62,0.105982906
48201,74879,101999,27120,0.362184324
48203,371,828,457,1.23180593
48209,1386,1618,232,0.167388167
48213,377,594,217,0.575596817
48215,332,1406,1074,3.234939759
48217,183,176,-7,-0.038251366
48221,1339,1730,391,0.292008962
48223,229,131,-98,-0.427947598
48231,347,323,-24,-0.069164265
48233,84,-34,-118,-1.404761905
48245,1501,1873,372,0.247834777
48251,1525,2686,1161,0.761311475
48257,1497,2045,548,0.366065464
48273,-35,19,54,-1.542857143
48277,150,507,357,2.38
48293,-10,,10,-1
48303,12201,14144,1943,0.159249242
48309,1262,1803,541,0.428684628
48315,42,-14,-56,-1.333333333
48329,2458,3442,984,0.400325468
48337,58,36,-22,-0.379310345
48339,12048,16536,4488,0.37250996
48343,115,57,-58,-0.504347826
48347,545,720,175,0.321100917
48349,-38,,38,-1
48355,1298,1503,205,0.157935285
48357,-2,,2,-1
48367,2697,2961,264,0.097886541
48375,759,866,107,0.140974967
48379,152,242,90,0.592105263
48381,4997,5995,998,0.199719832
48397,3997,5059,1062,0.265699274
48401,81,213,132,1.62962963
48417,14,,-14,-1
48423,4497,5838,1341,0.298198799
48425,195,310,115,0.58974359
48439,64693,81895,17202,0.26590203
48441,3619,4476,857,0.236805747
48449,170,113,-57,-0.335294118
48451,908,1022,114,0.125550661
48453,50251,59366,9115,0.181389425
48459,37,98,61,1.648648649
48465,96,72,-24,-0.25
48467,183,343,160,0.87431694
48471,616,1161,545,0.88474026
48479,168,113,-55,-0.327380952
48485,3311,4575,1264,0.381757777
48487,134,-12,-146,-1.089552239
48491,9858,12473,2615,0.265266788
48497,411,295,-116,-0.282238443
48499,530,549,19,0.035849057
48503,563,935,372,0.660746004
49003,330,485,155,0.46969697
49005,2657,3633,976,0.367331577
49007,75,329,254,3.386666667
49011,9610,11567,1957,0.20364204
49019,6513,6520,7,0.001074774
49021,1600,2241,641,0.400625
49035,97065,122834,25769,0.265481894
49043,34475,40810,6335,0.183756345
49045,527,584,57,0.108159393
49047,917,948,31,0.033805889
49049,5297,7269,1972,0.3722862
49051,2274,3643,1369,0.602022867
49053,9472,11368,1896,0.200168919
49057,7450,9447,1997,0.268053691
50001,3523,3908,385,0.109281862
50003,6821,7665,844,0.123735523
50005,845,1071,226,0.267455621
50007,18721,20421,1700,0.090807115
50011,829,908,79,0.095295537
50015,4178,5112,934,0.223551939
50017,2936,2992,56,0.019073569
50019,1318,1175,-143,-0.108497724
50021,3071,4227,1156,0.376424617
50023,9076,9002,-74,-0.008153372
50025,4504,6299,1795,0.398534636
50027,6885,8603,1718,0.249527959
51003,19274,27345,8071,0.418750649
51011,378,632,254,0.671957672
51013,58956,76421,17465,0.296237872
51015,202,427,225,1.113861386
51019,2464,3511,1047,0.424918831
51023,1299,1871,572,0.440338722
51033,175,249,74,0.422857143
51041,21617,32234,10617,0.491141231
51043,707,1116,409,0.578500707
51047,3737,4197,460,0.12309339
51059,166828,208868,42040,0.251996068
51061,5842,7449,1607,0.275077028
51067,2187,3391,1204,0.550525834
51069,7932,8593,661,0.083333333
51073,976,1276,300,0.307377049
51075,498,488,-10,-0.020080321
51085,5413,8405,2992,0.552743396
51087,34515,38595,4080,0.118209474
51089,415,872,457,1.101204819
51093,740,1422,682,0.921621622
51095,14006,18124,4118,0.29401685
51099,478,651,173,0.361924686
51107,50757,61538,10781,0.2124042
51115,283,223,-60,-0.212014134
51121,9950,14608,4658,0.468140704
51137,342,223,-119,-0.347953216
51145,719,790,71,0.098748261
51149,863,898,35,0.040556199
51153,33771,40799,7028,0.208107548
51161,4979,7152,2173,0.436433019
51163,2207,3023,816,0.369732669
51173,29,6,-23,-0.793103448
51177,4289,5302,1013,0.236185591
51179,7276,10401,3125,0.429494228
51187,4028,4080,52,0.012909633
51191,1548,2305,757,0.489018088
51199,2257,2589,332,0.147097918
51510,29569,34156,4587,0.155128682
51520,714,1066,352,0.492997199
51540,19623,23900,4277,0.217958518
51550,7877,11976,4099,0.520375778
51570,918,1322,404,0.440087146
51590,501,991,490,0.978043912
51610,8463,11468,3005,0.355075032
51630,7091,8463,1372,0.193484699
51650,2874,4444,1570,0.546276966
51660,4958,6309,1351,0.272488907
51670,171,144,-27,-0.157894737
51680,6877,9088,2211,0.321506471
51683,1614,1469,-145,-0.08983891
51700,5349,6669,1320,0.246775098
51710,11057,15365,4308,0.389617437
51730,111,76,-35,-0.315315315
51735,302,222,-80,-0.264900662
51740,1449,2683,1234,0.851621808
51750,1435,1256,-179,-0.124738676
51760,12673,21796,9123,0.719876904
51770,6573,9314,2741,0.417008976
51775,1955,3188,1233,0.630690537
51790,3585,4995,1410,0.393305439
51800,2380,2658,278,0.116806723
51810,28055,32499,4444,0.158403137
51820,2797,4584,1787,0.63889882
51840,3150,2208,-942,-0.299047619
53003,1715,1478,-237,-0.13819242
53005,22701,28333,5632,0.248094798
53007,12565,15339,2774,0.220771986
53009,20635,23066,2431,0.117809547
53011,96497,126657,30160,0.312548577
53015,12139,16908,4769,0.392865969
53017,7054,8148,1094,0.155089311
53021,3132,3157,25,0.00798212
53025,4258,5762,1504,0.353217473
53029,9062,10144,1082,0.119399691
53031,24177,28642,4465,0.184679654
53033,687441,816286,128845,0.187426994
53035,77379,84159,6780,0.087620672
53037,11489,14581,3092,0.269126991
53041,819,869,50,0.061050061
53043,428,612,184,0.429906542
53045,5921,14012,8091,1.366492147
53047,1909,2427,518,0.271346255
53051,1873,1681,-192,-0.102509343
53053,123984,142225,18241,0.147123822
53055,1878,1992,114,0.060702875
53057,26117,28429,2312,0.088524716
53061,173020,210525,37505,0.216766848
53063,63173,78140,14967,0.236920836
53065,2589,2936,347,0.134028582
53067,55837,66174,10337,0.185128141
53071,9414,10450,1036,0.110048863
53073,63504,70514,7010,0.110386747
53075,3866,4919,1053,0.272374547
53077,12149,15380,3231,0.265947815
54003,3144,3850,706,0.224554707
54009,117,294,177,1.512820513
54011,2050,3771,1721,0.839512195
54019,583,1066,483,0.828473413
54025,1053,1726,673,0.639126306
54029,297,649,352,1.185185185
54033,1494,2233,739,0.494645248
54035,211,438,227,1.075829384
54037,2612,2910,298,0.114088821
54039,4619,7656,3037,0.657501624
54045,-48,48,96,-2
54051,243,417,174,0.716049383
54057,182,214,32,0.175824176
54061,5576,8334,2758,0.494619799
54069,963,1171,208,0.215991693
54079,833,1387,554,0.665066026
54081,504,1456,952,1.888888889
54097,23,227,204,8.869565217
54107,359,622,263,0.732590529
55005,72,,-72,-1
55009,3842,5140,1298,0.337844872
55021,163,465,302,1.852760736
55025,42022,47452,5430,0.129218029
55027,532,359,-173,-0.32518797
55029,960,1089,129,0.134375
55033,29,,-29,-1
55035,1817,2323,506,0.278481013
55039,1119,1571,452,0.403932082
55045,229,418,189,0.825327511
55055,979,1438,459,0.468845761
55057,40,114,74,1.85
55059,6248,5948,-300,-0.048015365
55063,3346,3797,451,0.134787806
55067,109,218,109,1
55071,547,838,291,0.531992687
55073,1166,1721,555,0.475986278
55079,19543,22696,3153,0.16133654
55081,-8,72,80,-10
55087,4720,7131,2411,0.510805085
55089,4521,7113,2592,0.573324486
55097,1240,1668,428,0.34516129
55099,81,,-81,-1
55101,2240,2626,386,0.172321429
55105,4413,4553,140,0.03172445
55109,3001,4393,1392,0.463845385
55111,166,250,84,0.506024096
55117,1447,1951,504,0.348306842
55125,282,676,394,1.397163121
55127,3272,3566,294,0.089853301
55131,1355,3590,2235,1.649446494
55133,17196,24859,7663,0.44562689
55135,479,571,92,0.192066806
55139,2779,4004,1225,0.440806045
55141,971,961,-10,-0.010298661
56001,3204,4330,1126,0.351435705
56005,1420,1363,-57,-0.040140845
56007,128,184,56,0.4375
56009,167,333,166,0.994011976
56013,3188,3130,-58,-0.018193225
56021,6559,8225,1666,0.254002134
56025,3484,3458,-26,-0.007462687
56029,2318,2944,626,0.270060397
56031,202,511,309,1.52970297
56033,1983,3054,1071,0.540090772
56037,1103,1098,-5,-0.004533092
56039,14335,16016,1681,0.117265434
56041,149,287,138,0.926174497
